状態,URL,ステータス,日付
1日目,https://www.dropbox.com/scl/fi/ao4l4m26xu4o0gfyuoq3t/250705.mp4?rlkey=j6docwsqp8ehuh2265en4asbv&dl=0,未着手,2025年7月5日
２日目,https://www.dropbox.com/scl/fi/bipcyxrjbmuso1db4whw9/250706.mp4?rlkey=p32bfizki9be9b4uiju3u23te&dl=0,未着手,2025年7月6日
3日目,https://www.dropbox.com/scl/fi/vnlbukh3j6i7riwa6pfkm/250707.mp4?rlkey=zoq0l0q8xxzas93tiq87yy3e4&dl=0,未着手,2025年7月7日
4日目,https://www.dropbox.com/scl/fi/3fyy2ays5kpip0w475ffg/20250708.MOV?rlkey=nzoims8v4dl3fq4i6367vvl2m&dl=0,未着手,2025年7月8日
5日目,https://www.dropbox.com/scl/fi/85bxq4ktfuvh9fnxapood/20250709.MOV?rlkey=9z5l6pyjy67vsoqzj69kz7o04&st=kqxrlq2m&dl=0,未着手,2025年7月9日
6日目,https://www.dropbox.com/scl/fi/ftm2fehcphrsa07vb6hts/20250710.MOV?rlkey=bcza996ou8byq5tvb2u846igi&st=1kbr8jsf&dl=0,未着手,2025年7月10日
7日目,https://www.dropbox.com/scl/fi/5v5c2jqokz1tr1vrjdjig/250711.mp4?rlkey=t0ogmqgo5yjkmql25smftuz0r&st=1hg8dx0p&dl=0,未着手,2025年7月11日
8日目,https://www.dropbox.com/scl/fi/u1y55imz7yflhe71npgnz/250712.mp4?rlkey=s5lfm9076owb1sxn02ghv2z2v&dl=0,未着手,2025年7月12日
9日目,https://www.dropbox.com/scl/fi/l4uekrgvoqsu5lw223c31/250713.mp4?rlkey=uvsrktunzvc5y828gdw2czp4r&dl=0,未着手,2025年7月13日
10日目,https://www.dropbox.com/scl/fi/n13dvew3btcu2ex5awbqc/250714.mp4?rlkey=q64lyr8y526zpnvser22u0rui&dl=0,未着手,2025年7月14日
11日目,https://www.dropbox.com/scl/fi/wq0wso87oqwn8llt5fzfv/250715.mp4?rlkey=rm04rep6as4trwnpuphp2mvay&dl=0,未着手,2025年7月15日
12日目,https://www.dropbox.com/scl/fi/qt07xk4yexhvc420msxkh/250716.mp4?rlkey=io5mlayvhfvqzludbcsx8i439&dl=0,未着手,2025年7月16日
13日目,https://www.dropbox.com/scl/fi/a1iopbccybhuxiv14z22e/250717.MOV?rlkey=ilfsr5ljfr1xfh3x7mfe529ew&dl=0,未着手,2025年7月17日
14日目,https://www.dropbox.com/scl/fi/alkb1kh5rcq25mi8suzjg/250718.mp4?rlkey=o2viav9wnrbtvjhqucj2ppwpl&dl=0,未着手,2025年7月18日
15日目,https://www.dropbox.com/scl/fi/4s86eoxjy0avcht9k07n4/250719.mp4?rlkey=mot3pj9yu1ydhgobask1zqdg5&dl=0,未着手,2025年7月19日
16日目,https://www.dropbox.com/scl/fi/jtz2lbfv5i1lu4z2ttdzy/250720.mp4?rlkey=148y9riopjvbxxryd8mlxtsod&dl=0,未着手,2025年7月20日
17日目,https://www.dropbox.com/scl/fi/pr0c9r1jjwsmx28bgufxl/250721.mp4?rlkey=sy9ptlm08ccio0hkuf049ejty&dl=0,未着手,2025年7月21日
18日目,https://www.dropbox.com/scl/fi/8v5h56xd1orrdmv8cfw6j/250722.mp4?rlkey=g3w9mck0xmwtjy27mqin70bjz&dl=0,未着手,2025年7月22日
19日目,https://www.dropbox.com/scl/fi/ksrwa40gc9jd7e8b4cs69/250723.mp4?rlkey=t9kp3aupsatckm8bmdctv98wh&dl=0,未着手,2025年7月23日
20日目,https://www.dropbox.com/scl/fi/mvqguany9ei2q87pe0j2n/270724.mp4?rlkey=nbv3m7v4i3d76tqph6dg7g1cu&dl=0,未着手,2025年7月24日
21日目,https://www.dropbox.com/scl/fi/qt3wjhzdd248gu2dhz01p/250725.mp4?rlkey=rfj7pjhryxj9f5etak2c3g7fa&dl=0,未着手,2025年7月25日
22日目,https://www.dropbox.com/scl/fi/o5l6l2no08lh07f2fvsx0/250726.mp4?rlkey=imqovwtvx3sx6r4qxqkgx3abs&dl=0,未着手,2025年7月26日
23日目,https://www.dropbox.com/scl/fi/mo7ob47rnzcwei40p71ku/250727.mp4?rlkey=2sw8rbyixqmndgfugu55e5gj2&dl=0,未着手,2025年7月27日
24日目,https://www.dropbox.com/scl/fi/nvdt0xn5y714j5ek16fur/250728.mp4?rlkey=4pjreu2j853mnspv624bs83tv&dl=0,未着手,2025年7月28日
25日目,https://www.dropbox.com/scl/fi/lw3c9xnfuqifgall8v2zc/250729.mp4?rlkey=uejzxt69vzstnt7sq8y53z6x2&dl=0,未着手,2025年7月29日
26日目,https://www.dropbox.com/scl/fi/9x1uqlwija2xc9d9jspkw/250730.mp4?rlkey=tzuw5q6u3f4ou6bsuz3mtiac4&dl=0,未着手,2025年7月30日
27日目,https://www.dropbox.com/scl/fi/b8u0xrylzh4nuefz2ui10/250731.mp4?rlkey=5zca8on1urn5aurxo4l1guxc3&dl=0,未着手,2025年7月31日
28日目,https://www.dropbox.com/scl/fi/rne814cvhr2ttspvxmg74/250801.mp4?rlkey=lkdd5y7v64dqx4kf0o25gw0m6&dl=0,未着手,2025年8月1日
29日目,https://www.dropbox.com/scl/fi/xgj9990w5ackruo9qqyys/250802.mp4?rlkey=92r3yqmellc5yru477hyddz8t&dl=0,未着手,2025年8月2日
30日目,https://www.dropbox.com/scl/fi/oi1q1frnh97lnhqba8k50/250803.mp4?rlkey=1ao29hr3sw95ow7s1k5ukf3g4&dl=0,未着手,2025年8月3日
31日目,https://www.dropbox.com/scl/fi/4epbr76gthpne9r77le99/250804.mp4?rlkey=k12or18kymng1i7kovmrmbh0g&dl=0,未着手,2025年8月4日
32日目,https://www.dropbox.com/scl/fi/5xamqewlnopmd98398eo0/250805.mp4?rlkey=xqea22sekxupsh014ibyrlbag&dl=0,未着手,2025年8月5日
33日目,https://www.dropbox.com/scl/fi/d9epc92a89wkzov00mss4/250806.mp4?rlkey=5jj6hmgqdkurtrurwkm88swko&dl=0,未着手,2025年8月6日
34日目,https://www.dropbox.com/scl/fi/i67tnjtq62ziz91l8b53r/250807.mp4?rlkey=ni05cvw9ky7hwwsgb5jsoomv8&dl=0,未着手,2025年8月7日
35日目,https://www.dropbox.com/scl/fi/ga2exmli47qhqws0pl5jq/250808.mp4?rlkey=pn4nmtkl4ywm0pstdqrw82m1i&dl=0,未着手,2025年8月8日
36日目,https://www.dropbox.com/scl/fi/46s6mmxg2gdvozjqwn5zw/250809.mp4?rlkey=x4l84u4zbdryvrj9utkrutp6z&dl=0,未着手,2025年8月9日
37日目,https://www.dropbox.com/scl/fi/44d31ar8bpfj2xmhrshr7/250810.mp4?rlkey=tlcbb6udjyairnb6a96w1r9o2&dl=0,未着手,2025年8月10日
38日目,https://www.dropbox.com/scl/fi/fcp2c8er8kwpvhd25x0cw/250811.mp4?rlkey=rs9osyb2x0cjje7iubhbxeup9&dl=0,未着手,2025年8月11日
39日目,https://www.dropbox.com/scl/fi/b6d8egnnrkdurbyrko9d7/250812.mp4?rlkey=pyw3nnx8pzhpno7h6ebm2u6pm&dl=0,未着手,2025年8月12日
40日目,https://www.dropbox.com/scl/fi/eimim9rb6g0jis73g44jw/250813.mp4?rlkey=v6lm9vnf9ovaw9b2hq28xqxxt&dl=0,未着手,2025年8月13日
41日目,https://www.dropbox.com/scl/fi/00sqh8ndwufj3irfy401m/250814.mp4?rlkey=sji6bjv2a7kib6zesini61rlt&dl=0,未着手,2025年8月14日
42日目,https://www.dropbox.com/scl/fi/6r88rfnd2ucvdfbnzcnk1/250815.mp4?rlkey=38jd16jnhqrip59c88r6d5p6v&dl=0,未着手,2025年8月15日
43日目,https://www.dropbox.com/scl/fi/s1a844bosoxwazrs5wuos/250816.mp4?rlkey=uloa05ijkbc0k3ry08qezw9f1&dl=0,未着手,2025年8月16日
44日目,https://www.dropbox.com/scl/fi/s8729k17pellzc6hazd5o/250817.mp4?rlkey=ewysam4nlxx003ncjvchfet5j&dl=0,未着手,2025年8月17日
45日目,https://www.dropbox.com/scl/fi/h2aju5l4dbraxoxqio3zj/250818.mp4?rlkey=kdmpxgivlub4jsrjhlcbfcudd&dl=0,未着手,2025年8月18日
46日目,https://www.dropbox.com/scl/fi/a7idkv21xlbpspjwsgtj8/250819.mp4?rlkey=gthhxbzjf1h4chrog1mpv801g&dl=0,未着手,2025年8月19日
47日目,https://www.dropbox.com/scl/fi/zsl2kup85miuckfylqrjt/250820.mp4?rlkey=jbi3ryvrdtn3sismd7kc4j9kx&dl=0,未着手,2025年8月20日
48日目,https://www.dropbox.com/scl/fi/fd0ubfj185fkbh383u43c/250821.mp4?rlkey=krxvdwk03axfdpqrgnz9cx70a&dl=0,未着手,2025年8月21日
49日目,https://www.dropbox.com/scl/fi/rbwxgqmwrlew3279558yb/250822.mp4?rlkey=oki6x4rmac9lx91m4qtbijuvp&dl=0,未着手,2025年8月22日
50日目,https://www.dropbox.com/scl/fi/m79qo0apvdljzhd80c4d8/250823.mp4?rlkey=kfelat3bwqx06t6nd5bg7uyv1&dl=0,未着手,2025年8月23日
51日目,https://www.dropbox.com/scl/fi/9ufm7yxmcj2fopmm96o1w/250824.mp4?rlkey=hotowhehau9af7wxprfca0pri&dl=0,未着手,2025年8月24日
52日目,https://www.dropbox.com/scl/fi/0nenxndk9iiltrlkpp6a7/250825.mp4?rlkey=jbb733b37wfu8x3bsdy1a2qle&dl=0,未着手,2025年8月25日
53日目,https://www.dropbox.com/scl/fi/lxm0kbyezjbf246eqttyq/250826.mp4?rlkey=n07x4itwhuf8wl7fd17upaa7f&dl=0,未着手,2025年8月26日
54日目,https://www.dropbox.com/scl/fi/lxm0kbyezjbf246eqttyq/250826.mp4?rlkey=n07x4itwhuf8wl7fd17upaa7f&st=kfl0mv66&dl=0,未着手,2025年8月27日
55日目,https://www.dropbox.com/scl/fi/zh9q6c1g4stunc9wl3r4c/250828.mp4?rlkey=zcaxqdrsi8i1h27vb9e8bi4k6&st=5k1p8sj3&dl=0,未着手,2025年8月28日
56日目,https://www.dropbox.com/scl/fi/nv0a7zp3q6lh90592zl05/250829.mp4?rlkey=4x8o0l2yd8jn57qmx1hu3utbg&st=ni6jfyve&dl=0,未着手,2025年8月29日
57日目,https://www.dropbox.com/scl/fi/49onm44bx4lh7q9kej3x0/250830.mp4?rlkey=uvqztftqwjw28kgr3skddjl3d&st=mgm8pu0i&dl=0,未着手,2025年8月30日
58日目,https://www.dropbox.com/scl/fi/2kq0aunue39f4gh7c0i46/250831.mp4?rlkey=2wsdq597hb6due7ymlxa6ycqv&dl=0,未着手,2025年8月31日
59日目,https://www.dropbox.com/scl/fi/5kairqjayonrtqr20l7zf/250901.mp4?rlkey=ad9mabipqqb5vnq5jv1e7814h&dl=0,未着手,2025年9月1日
60日目,https://www.dropbox.com/scl/fi/ran6rtfwauf2nff6x8u0x/250902.mp4?rlkey=zh91qdjrtol1k31dfi2nr0frn&dl=0,未着手,2025年9月2日
61日目,https://www.dropbox.com/scl/fi/jrlaagnhhqq3cr4nhq5er/250903.mp4?rlkey=ty1w1kemltvzju5zfufio8eta&dl=0,未着手,2025年9月3日
62日目,https://www.dropbox.com/scl/fi/kn2kezckzhjekw6ep248g/250904.mp4?rlkey=2ubj6gs9a3i8ww4u27bflas6f&dl=0,未着手,2025年9月4日
63日目,https://www.dropbox.com/scl/fi/7dlv7a912bkia3a4rjx27/250905.mp4?rlkey=hdgg9cc0y83zukemvictwyv24&dl=0,未着手,2025年9月5日
64日目,https://www.dropbox.com/scl/fi/3l463c9nchxuncrq72tiu/250906.mp4?rlkey=4sfx04jq19ofcnx2d5dck6uth&dl=0,未着手,2025年9月6日
65日目,https://www.dropbox.com/scl/fi/roojbq1uyvouwvif0ycju/250907.mp4?rlkey=tgihnlcqxvnc5dpewk76yg249&dl=0,未着手,2025年9月7日
66日目,https://www.dropbox.com/scl/fi/u78e4p1x9xl5nnuxuci8d/250908.mp4?rlkey=khagjz455xqddqpsvo5sg5h14&dl=0,未着手,2025年9月8日
67日目（忘れてた）,https://www.dropbox.com/scl/fi/b5muh4me9b376g45lr6gm/250909.mp4?rlkey=t0p12pww271a5gwzxyshqtsaq&dl=0,未着手,2025年9月9日
68日目,https://www.dropbox.com/scl/fi/dlpg0ezjqo3yy1s96n0wr/250910.mp4?rlkey=rklc24921b7bqdd9am9mcqn4h&dl=0,未着手,2025年9月10日
69日目,https://www.dropbox.com/scl/fi/zq3d386zrvvy38i64ogs1/250911.mp4?rlkey=z7cy3ocrbkiwcwhm8svueot2b&dl=0,未着手,2025年9月11日
70日目,https://www.dropbox.com/scl/fi/9yjiq3pdkgxrtcnlpk4gg/250912.mp4?rlkey=h96qovyb5ghc2opyl62m3mpfd&dl=0,未着手,2025年9月12日
71日目,https://www.dropbox.com/scl/fi/tyr8g1hu5alswswez6ydv/250913.mp4?rlkey=umdvye1913ztkv9jfsr3vocfs&dl=0,未着手,2025年9月13日
72日目,https://www.dropbox.com/scl/fi/tv7frg2f256ju295bbqdz/250914.mp4?rlkey=pvjw839zm59gmhj5mobdapsan&dl=0,未着手,2025年9月14日
73日目,https://www.dropbox.com/scl/fi/dckwfsnhdte85z3m1zmor/250915.mp4?rlkey=8orcfi1evjam970w4f0wsx1ys&dl=0,未着手,2025年9月15日
74日目,https://www.dropbox.com/scl/fi/8iry6yg1wl67x15853khi/250916.mp4?rlkey=kjxud9jiosctduy750vmrzf8a&dl=0,未着手,2025年9月16日
75日目,https://www.dropbox.com/scl/fi/9a3v0pbue4fxc7bn4x3el/250917.mp4?rlkey=fsb7xektf17jl3aj3m8kgyx1x&dl=0,未着手,2025年9月17日
76日目,https://www.dropbox.com/scl/fi/d1ad13qqliznift8n0gmo/250918.mp4?rlkey=q6i2adeigtxei6kog6v5fylb4&dl=0,未着手,2025年9月18日
77日目,https://www.dropbox.com/scl/fi/ezhmg327qso722rc5orlc/250919.mp4?rlkey=o6uippewi0sz2ntxglj6fbl2d&dl=0,未着手,2025年9月19日
78日目,https://www.dropbox.com/scl/fi/mlw0d732v97h52shtp4c5/250920.mp4?rlkey=u5pb0frmbzc2lcx39ec0ojhr7&dl=0,未着手,2025年9月20日
79日目,https://www.dropbox.com/scl/fi/w7ekuhhfp4jqb68t3er87/250921.mp4?rlkey=i5hdrn1w24n71vb47q5qo8vla&dl=0,未着手,2025年9月21日
80日,https://www.dropbox.com/scl/fi/pj1ipjubr2oqjlnqo2ana/250922.mp4?rlkey=0we73p0td6fe4342kyxoi0gen&dl=0,未着手,2025年9月22日
81日目,https://www.dropbox.com/scl/fi/3dz6rbip1p3fdidingazj/250923.mp4?rlkey=hgzjqe1ek2ifng5001xmmp85e&dl=0,未着手,2025年9月23日
82日目,https://www.dropbox.com/scl/fi/jmcky07br2vjs1dglfaxw/250924.mp4?rlkey=c3oa3kh5815yltkp519n88xlz&dl=0,未着手,2025年9月24日
83日目,https://www.dropbox.com/scl/fi/ixeqn6fecpb7sq5aslrfv/250925.mp4?rlkey=vfelz39nhybgaqqvvd53omdhm&dl=0,未着手,2025年9月25日
84日目,https://www.dropbox.com/scl/fi/10h3naujkapg4poq7lbwd/250929.mp4?rlkey=bwe636n2qjp61guyr54o0wepr&dl=0,未着手,2025年9月29日
85日目,https://www.dropbox.com/scl/fi/zms4qd3n1m71utqqeceje/250930.mp4?rlkey=b41zflbr0zsmvrye43y2v1ofk&dl=0,未着手,2025年9月30日
86日目,https://www.dropbox.com/scl/fi/94egswlygji1ylvr0ezbj/251001.mp4?rlkey=w2pd6ghnqogphhb8xlyp1ade5&dl=0,未着手,2025年10月1日
87日目,https://www.dropbox.com/scl/fi/0kpryaahqwugpnwhi6jcp/251002.mp4?rlkey=cq66yxywcwwk3i60ovk8abaup&dl=0,未着手,2025年10月2日
88日目,https://www.dropbox.com/scl/fi/icmehqm4ymeu0yrz0c1yy/20251003.mp4?rlkey=esy9oe87eugzezw3c5twaf41h&dl=0,未着手,2025年10月3日
89日目,https://www.dropbox.com/scl/fi/ycxxez6xnc4wekceisbqz/251004.mp4?rlkey=3v12nukch4mqj7bajqw9vhim9&dl=0,未着手,2025年10月4日
90日目,https://www.dropbox.com/scl/fi/r2zz4n3wpcq53ke4cume8/251005.mp4?rlkey=4019uagk34ox1g4chibzwn1y5&dl=0,未着手,2025年10月5日
91日目,https://www.dropbox.com/scl/fi/96b4488yv1ouy06uj3lxu/251006.mp4?rlkey=f539l3auxrdgkztisqtl7cdm6&dl=0,未着手,2025年10月6日
92日目,https://www.dropbox.com/scl/fi/tnu1k6ncwy56a4m7dikuo/251007.mp4?rlkey=2q8quub9208tp96danyt1upm5&dl=0,未着手,2025年10月7日
93日目,https://www.dropbox.com/scl/fi/s48f75kxg8krnq2ifywsk/251008.mp4?rlkey=1mi93xixhxphuy2vht2y37x0g&dl=0,未着手,2025年10月8日
94日,https://www.dropbox.com/scl/fi/e6urh7jmx53oifnf87nsa/251009.mp4?rlkey=ipq8ib3g8y9ngtooz6ct53dgr&dl=0,未着手,2025年10月9日
95日目,https://www.dropbox.com/scl/fi/t3ldrquaawwyl2xbjsw2g/251010.mp4?rlkey=an9oozb8uvr8kmrns12elnzhc&dl=0,未着手,2025年10月10日
96日目,https://www.dropbox.com/scl/fi/4o14fnl1o2jsf10ipt2ag/251011.mp4?rlkey=reo134tjyidztzibt1s6ixnys&dl=0,未着手,2025年10月11日
97日目,https://www.dropbox.com/scl/fi/gyrqgu0orieqmx2dunlng/251012.mp4?rlkey=xs421lqo9zxvxp0tlaru83djc&dl=0,未着手,2025年10月12日
98日目,https://www.dropbox.com/scl/fi/v99b2kr4jlgesyosd7c1d/251013.mp4?rlkey=rlswgtcruv1igollv9dhtr5zb&dl=0,未着手,2025年10月13日
99日目,https://www.dropbox.com/scl/fi/xn66ilf40s3ir57rxe51b/251014.mp4?rlkey=ffeodsrpdq3yld9yu9tjr0you&dl=0,未着手,2025年10月14日
100日目,https://www.dropbox.com/scl/fi/zbbolpdx4bxnk63cd4pdu/251015.mp4?rlkey=fj6ooqb6yaetjekw4ua1twez5&dl=0,未着手,2025年10月15日
101日目,https://www.dropbox.com/scl/fi/xrurn4zih02ordjsq71im/251016.mp4?rlkey=82t9z2ev4zga6ozswoqg75e84&dl=0,未着手,2025年10月16日
102日目,https://www.dropbox.com/scl/fi/ba75r20jbiebwe0xm7e63/251017.mp4?rlkey=8g8hmq02py4b7nvfcglpctgf0&dl=0,未着手,2025年10月17日
忘れてた,,未着手,2025年10月18日
103日目,https://www.dropbox.com/scl/fi/jlz33k1qe8706yuuwihog/251019.mp4?rlkey=0jww9ki5bintdh8z38mxttudm&dl=0,未着手,2025年10月19日
104日目,https://www.dropbox.com/scl/fi/s06zak1cyuts2ghamkaw3/251020.mp4?rlkey=oyvln5x30hynk0fteg61e8j1h&dl=0,未着手,2025年10月20日
105日目,https://www.dropbox.com/scl/fi/ry5fe3imr5zr8yc8126zf/251021.mp4?rlkey=zmsryupws0w6j7mt0a231l1da&dl=0,未着手,2025年10月21日
106日目,https://www.dropbox.com/scl/fi/hh26yx4uhjcvojj9h0hku/251022.mp4?rlkey=c1mdxy8wie32p73u55qjvst4o&dl=0,未着手,2025年10月22日
107日目,https://www.dropbox.com/scl/fi/0m2acurme89tjbrtjtdxo/251023.mp4?rlkey=1jfy7brw0fut0frk85vczdxlb&dl=0,未着手,2025年10月23日
108日目,https://www.dropbox.com/scl/fi/jlseovoqf45m3xqiwizyu/251024.mp4?rlkey=tkdtkto7ud0muszsxncujz6pu&dl=0,未着手,2025年10月24日
109日目,https://www.dropbox.com/scl/fi/6mi7fp1kak3uu8a7q3f5g/251025.mp4?rlkey=li5aegh5c66ounuaca4xtu9tw&dl=0,未着手,2025年10月25日
110日目,https://www.dropbox.com/scl/fi/v6qgf2btuoqm30giona2f/251026.mp4?rlkey=maz7gpjo719dyqxexlxt5hohh&dl=0,未着手,2025年10月26日
111日目,https://www.dropbox.com/scl/fi/qt7gje9bil0cb7e4fwetq/251027.mp4?rlkey=pru9d930uj8o6rd35gx3mjwek&dl=0,未着手,2025年10月27日
112日目,https://www.dropbox.com/scl/fi/3hw7lr1z2xfr6m5nrlohx/251028.mp4?rlkey=nbotnto171sh4x6jwpe2aolhg&dl=0,未着手,2025年10月28日
113日,https://www.dropbox.com/scl/fi/d073y1k9zzknr0tzvip9e/251029.mp4?rlkey=j4nj50h5h9nex7g3ho4093r1p&dl=0,未着手,2025年10月29日
114日目,https://www.dropbox.com/scl/fi/axp4eu85kzfrn5nc4ilzh/251030.mp4?rlkey=deo6eyxckscuaen5miz4h3430&dl=0,未着手,2025年10月30日
115日,https://www.dropbox.com/scl/fi/9q6fs2brngcwlyt2dekm0/251031.mp4?rlkey=zflbx04h9dhi0tiol2oodeti3&dl=0,未着手,2025年10月31日
116日目,https://www.dropbox.com/scl/fi/i17q4sbro2ezn3z4bozx8/251101.mp4?rlkey=mj8bjf1fj3t1rpzyihph0esi0&dl=0,未着手,2025年11月1日
117日目,https://www.dropbox.com/scl/fi/ge1thaflhaywu3tdfgq8c/251102.mp4?rlkey=6aio3gnggpjfidox11jmke4yj&dl=0,未着手,2025年11月2日
118日目,https://www.dropbox.com/scl/fi/kra0lvjjmg4llg3ti1bqo/251103.mp4?rlkey=ldajnoz0uv32pjf4wb667eox1&dl=0,未着手,2025年11月3日
119日目,https://www.dropbox.com/scl/fi/mtb5nfpxescbw2cjps9vy/251104.mp4?rlkey=sc6qg062lapa4wkvn4tpv5gx6&dl=0,未着手,2025年11月4日
120日目,https://www.dropbox.com/scl/fi/8x6mp4erkt8xq3gb7yqzf/251105.mp4?rlkey=9g7e87k45uwc7csut0kfxeuch&dl=0,未着手,2025年11月5日
121日目,https://www.dropbox.com/scl/fi/2p29zaxqes2ds0j12p74a/251106.mp4?rlkey=pmsagi79b3ndmt7hz6g4xmvqy&dl=0,未着手,2025年11月6日
122日目,https://www.dropbox.com/scl/fi/5dc0d66iq59g8s3fxrz9g/251107.mp4?rlkey=yhotcyow3qa8vjvbpws3kuz3u&dl=0,未着手,2025年11月7日
123日目,https://www.dropbox.com/scl/fi/eej1a3tlokggkl6irl7am/251109.mp4?rlkey=38gfialepl8dbu2zsp7kxp3u1&dl=0,未着手,2025年11月9日
124日目,https://www.dropbox.com/scl/fi/0rac6qtzsxp1zdo17bpow/251110.mp4?rlkey=737hiwdyisrgj5bv9a0veqec3&dl=0,未着手,2025年11月10日
125日目,https://www.dropbox.com/scl/fi/75u0lvqaaq6lq6rx09cup/251111.mp4?rlkey=dbu8rsgpw567eok1p0tqyg54d&dl=0,未着手,2025年11月11日
126日目,https://www.dropbox.com/scl/fi/bjrdvk0m9xgug40rjzb7x/251112.mp4?rlkey=h5pf07es7svd3vr5gd5bzfxs4&dl=0,未着手,2025年11月12日
127日目,https://www.dropbox.com/scl/fi/rklnpnu489s87rmb4oll8/251113.mp4?rlkey=cbfhk1oz1syjl06vn34p9s6gr&dl=0,未着手,2025年11月13日
128日目,https://www.dropbox.com/scl/fi/jhmp10db9vbdlngk9yn4n/251114.mp4?rlkey=nhg34n2nhb92371gj57q7i41o&dl=0,未着手,2025年11月14日
129日目,https://www.dropbox.com/scl/fi/iogn2fqtc27r2bjimblpo/251115.mp4?rlkey=yplhi00wq2aa7qs4gjbm1rg6y&dl=0,未着手,2025年11月15日
130日目,https://www.dropbox.com/scl/fi/vc8wmv7llhhd9c7iogrv1/251116.mp4?rlkey=mjln84m59pdpqhvhgj2x4x4se&dl=0,未着手,2025年11月16日
131日目,https://www.dropbox.com/scl/fi/ub8umvoe5vmjd7zyzus7i/251117.mp4?rlkey=2sl2oy2fx73yqepdmz2pn9ff7&dl=0,未着手,2025年11月17日
132日目,https://www.dropbox.com/scl/fi/fd8he8b4f49rkfwcsrmbz/251118.mp4?rlkey=pt7bc5zh9oyc3blvaujosnlni&dl=0,未着手,2025年11月18日
133日目,https://www.dropbox.com/scl/fi/77ulxc3xpokhy1rpvlthw/251119.mp4?rlkey=miosbcovyzmqxueeq47qlmc7x&dl=0,未着手,2025年11月19日
134日目,https://www.dropbox.com/scl/fi/av6rw1x78ulhrnvsrp6tf/251120.mp4?rlkey=1b20vtls2jiwnamsb1obizgl8&dl=0,未着手,2025年11月20日
135日目,https://www.dropbox.com/scl/fi/ckchwb3fh8z8n5yvcn5ry/251121.mp4?rlkey=yvpbetdacgregwy6w1gnf6okg&dl=0,未着手,2025年11月21日
136日目,https://www.dropbox.com/scl/fi/19n921srho1cnpyagnlyt/251122.mp4?rlkey=i9hemu9hbtbfrpedypej2db2x&dl=0,未着手,2025年11月22日
137日目,https://www.dropbox.com/scl/fi/l1fiqqnewzdagasejdv5z/251123.mp4?rlkey=dltkv85uz5z0w6wulrh1o46ze&dl=0,未着手,2025年11月23日
138日目,https://www.dropbox.com/scl/fi/u8ny5kizdr2c2ws0zbevu/251124.mp4?rlkey=is071tbdks6johqhr64gcy7v6&dl=0,未着手,2025年11月24日
139日目,https://www.dropbox.com/scl/fi/d27j66nyydun4s7r1ufso/251125.mp4?rlkey=c04bbi76vbr8knvf4j6339h8m&dl=0,未着手,2025年11月25日
140日目,https://www.dropbox.com/scl/fi/8qkygngnfr3h5hgtkzeev/251126.mp4?rlkey=cpqsym6hwz36g6f34f3vk9ag3&dl=0,未着手,2025年11月26日
141日目,https://www.dropbox.com/scl/fi/quj17b0f2dkqvme0xe5vm/251127.mp4?rlkey=fkidb2u35u3arjewqwry4abrp&dl=0,未着手,2025年11月27日
142日目,https://www.dropbox.com/scl/fi/ihnpr08qab65xnmhga3kt/251128.mp4?rlkey=jf4nsrv8906tk1v6fyma9u33q&dl=0,未着手,2025年11月28日
143日目,https://www.dropbox.com/scl/fi/6dm8ia5sw1an8grxuvtsm/251129.mp4?rlkey=ixm7svvmknejsbherf4kzn36f&dl=0,未着手,2025年11月29日
144日目,https://www.dropbox.com/scl/fi/kc0xc3baxpan6ey7vsn8g/251130.mp4?rlkey=n9vmi640cvmafh5wyn1li55gs&dl=0,未着手,2025年11月30日
145日目,https://www.dropbox.com/scl/fi/o2rp37ngmmvu21a08uu1f/251201.mp4?rlkey=r4xc891z1l2tqiybuunwk7z35&dl=0,未着手,2025年12月1日
146日目,https://www.dropbox.com/scl/fi/g146ffdqw2ulru5p6cp7k/251202.mp4?rlkey=gowa0xvcdjyxiwqbzdtmj9k76&dl=0,未着手,2025年12月2日
147日目,https://www.dropbox.com/scl/fi/mbztctl3aaln84454kugr/251203.mp4?rlkey=dq9tlk77vja33vi0d4ghszslg&dl=0,未着手,2025年12月3日
148日目,https://www.dropbox.com/scl/fi/9iakwac7o237xttdl3myy/251204.mp4?rlkey=o1glmi1br8skxmxfnq2mez42m&dl=0,未着手,2025年12月4日
149日目,https://www.dropbox.com/scl/fi/mn513o8t4dg7imbn3mjm5/251205.mp4?rlkey=dvlw7rq0bmds6rl0cynkdg97u&dl=0,未着手,2025年12月5日
150日目,https://www.dropbox.com/scl/fi/jvcgfxdzrsk6v9fjl39fm/251206.mp4?rlkey=kpafuum3847wy5cglnt91l8m9&dl=0,未着手,2025年12月6日
151日目,https://www.dropbox.com/scl/fi/9q1ysei0fpfuvbxartehm/251207.mp4?rlkey=35djqxeqir4bowyljfo2qvv2u&dl=0,未着手,2025年12月7日
152日目,https://www.dropbox.com/scl/fi/c20o2qka87yvfsqaa2z3a/251208.mp4?rlkey=fmd51pk8r08dyt7g1uvnlfubh&dl=0,未着手,2025年12月8日
153日目,https://www.dropbox.com/scl/fi/7ew6jqt3qpf9u4o09t6za/251209.mp4?rlkey=bbx5rvzqlcm6i09mc96t3pl8y&dl=0,未着手,2025年12月9日
154日,https://www.dropbox.com/scl/fi/uagj0rrvlco278a7gb168/251210.mp4?rlkey=89gvn39lqf673ybkpk9gsnzd1&dl=0,未着手,2025年12月10日
155日目,https://www.dropbox.com/scl/fi/2h8og6eepmpyrg0x90eut/251211.mp4?rlkey=975els8w0dlxffsj984hxynsr&dl=0,未着手,2025年12月11日
156日目,https://www.dropbox.com/scl/fi/mmzb683nx5xr5xe6aul1h/251212.mp4?rlkey=49hx37gqd35ckbs170zbsxbzm&dl=0,未着手,2025年12月12日
157日目,https://www.dropbox.com/scl/fi/h975izem7wbtidcym52gi/251213.mp4?rlkey=hiw8gopag7636iblfoq8jurev&dl=0,未着手,2025年12月13日
158日目,https://www.dropbox.com/scl/fi/bp11jj4k8kqqmd4x3ulew/251214.mp4?rlkey=xjbi7ssk8vv0cihq0p4cbojxp&dl=0,未着手,2025年12月14日
159日目,https://www.dropbox.com/scl/fi/wvupij5y387a3nkn4qs0y/251215.mp4?rlkey=ttxfw1um8u5tu36ojxry054uk&dl=0,未着手,2025年12月15日
160日目,https://www.dropbox.com/scl/fi/43vy68d20nf0ew6b0dle7/251216.mp4?rlkey=a798verg5ubxqefl6v6an506l&dl=0,未着手,2025年12月16日
161日目,https://www.dropbox.com/scl/fi/8lw763bxjz2t2h7tk9qe4/251217.mp4?rlkey=ooq3aoz1bour49jic8n6bpns4&dl=0,未着手,2025年12月17日
162日目,https://www.dropbox.com/scl/fi/h6qnl8zkz4bczashjvta8/251219.mp4?rlkey=v6mgmuulcknsxilpv9vn2960n&dl=0,未着手,2025年12月18日
163日目,https://www.dropbox.com/scl/fi/eson6eer00r6cnjjmkz9x/251220.mp4?rlkey=wygoh17gxbgt37x6b4iejo2bs&dl=0,未着手,2025年12月20日
164日,https://www.dropbox.com/scl/fi/jrzgv6d9jrjjjrhoxzxvd/251221.mp4?rlkey=pve2fqskzvmxvkuzlysoxljmi&dl=0,未着手,2025年12月21日
165日目,https://www.dropbox.com/scl/fi/6vte0lr4n8y4wb1y6x26a/251222.mp4?rlkey=ylu8gtw238f1nnkdwhwxy433q&dl=0,未着手,2025年12月22日
166日目,https://www.dropbox.com/scl/fi/xjjvx586lf5httinhhjcp/251223.mp4?rlkey=z6m98oo3ltoh2op7al1vuitb4&dl=0,未着手,2025年12月23日
167日目,https://www.dropbox.com/scl/fi/zl01h7i8kn5o7lnrpc7hz/251224.mp4?rlkey=lbdt4w9w6ef0o6ozr5ze9r4j3&dl=0,未着手,2025年12月24日
168日目,https://www.dropbox.com/scl/fi/0wltwkz8dc0kpzh37pwsu/251225.mp4?rlkey=4y6aa8t90ykfg80u84apjw44r&dl=0,未着手,2025年12月25日
169日目,https://www.dropbox.com/scl/fi/5h3hnhsqlvou2trqaa8u9/251226.mp4?rlkey=f95mvn5mcgeoqqh6nlyxu7ncc&dl=0,未着手,2025年12月26日
170日目,https://www.dropbox.com/scl/fi/2bnurs2imym012tk5rbru/251227.mp4?rlkey=p389a6jn0cvldp9xems376xcu&dl=0,未着手,2025年12月27日
171日目,https://www.dropbox.com/scl/fi/q054px5ejyb8yeapp8ax0/251228.mp4?rlkey=6inrievhkg3wx6anlgov8k0xt&dl=0,未着手,2025年12月28日
172日目,https://www.dropbox.com/scl/fi/9f1kba4ydzrfwgrj78noe/251229.mp4?rlkey=vwitn5cw00z5o18b5xyogh1ny&dl=0,未着手,2025年12月29日
173日目,https://www.dropbox.com/scl/fi/m7kgh3rv884gyv9frkjny/251230.mp4?rlkey=q6h9mr1max4kesiv96mesgfun&dl=0,未着手,2025年12月30日
174日目,https://www.dropbox.com/scl/fi/hulgcgme8yzl2mgvofza4/251231.mp4?rlkey=bgejjemqkxwcfknnblki9yavu&dl=0,未着手,2025年12月31日
175日目,https://www.dropbox.com/scl/fi/21elbqe1rh3r3nre9na71/260101.mp4?rlkey=3a64jdl96nbcajolu4ob9vyyv&st=gjvsmoeo&dl=0,未着手,2026年1月1日
176日目,https://www.dropbox.com/scl/fi/d4zzrzl5ytj9tk0ila0o9/260102.mp4?rlkey=tlzvg6v3ucumh4xnq8uhn1ka9&st=9gh7etx3&dl=0,未着手,2026年1月2日
177日目,https://www.dropbox.com/scl/fi/6qdhrvuwkbnqxobu48m5y/260104.mp4?rlkey=z5yme6dhqewpk6c50d2oat22f&st=4b7hmrsy&dl=0,未着手,2026年1月4日
178日目,https://www.dropbox.com/scl/fi/f2skpnhpy8qpzivjyhzfg/260106.mp4?rlkey=x8by62f91yzb50mvqfbloyqlw&st=zhcmu33t&dl=0,未着手,2026年1月5日
179日目,https://www.dropbox.com/scl/fi/3m3ojk02zxded6dg0pm52/260106.mp4?rlkey=bmj8e499ula2r8bfedzj39p51&st=kh2hviqm&dl=0,未着手,2026年1月6日
180日目,https://www.dropbox.com/scl/fi/4gu7cp9sdfmjr2z6dlrne/260107.mp4?rlkey=0o84uo5buxipbrh8v54ex3kva&st=q3q328q3&dl=0,未着手,2026年1月7日
181日目,https://www.dropbox.com/scl/fi/dbc3jzt5e3yqbld5kg7va/260108.mp4?rlkey=ucrub3u0fg9rhgv3camq3atkd&st=dqbqlwve&dl=0,未着手,2026年1月8日
182日目,https://www.dropbox.com/scl/fi/ob3d9j2vlzuwm7j89qik8/260109.mp4?rlkey=6j4k4utweyfg4qe7cye4uxoq0&st=bzm2hdxj&dl=0,未着手,2026年1月9日
183日目,https://www.dropbox.com/scl/fi/xkr3udnu7bft9hokcj8qk/260110.mp4?rlkey=862whx54teclcgqa0qrm9ljwr&st=ovm87286&dl=0,未着手,2026年1月10日
184日目,https://www.dropbox.com/scl/fi/s4vqzs9qjqkt52y9uiocr/260112.mp4?rlkey=69i8f0a8dvs40udyigpkwdn3z&st=mv14xyy6&dl=0,未着手,2026年1月12日
185日目,https://www.dropbox.com/scl/fi/mtt6jfhl6ik4p8o5wpk5a/260113.mp4?rlkey=rn30186vg8i42qdcjeuymqs1d&st=vqnqvat6&dl=0,未着手,2026年1月13日
186日目,https://www.dropbox.com/scl/fi/0q1dvpiul0fe6dqi338og/20260114.mp4?rlkey=bc2ep321rrw07jv1r978x9b3y&st=17vcxuop&dl=0,未着手,2026年1月14日
187日目,https://www.dropbox.com/scl/fi/mpycnfglu2xu610s9bwo1/260115.mp4?rlkey=02atdcfpb0dsmyfz4utxzlk63&st=8r2r2s1m&dl=0,未着手,2026年1月15日
188日目,https://www.dropbox.com/scl/fi/9nxs8pgztf4ndj4ea6fej/260116.mp4?rlkey=4xqkhl922vkj1dx0s02u1piie&st=h2w2m9st&dl=0,未着手,2026年1月16日
189日目,https://www.dropbox.com/scl/fi/6ojrb9ui602sf2x29crp0/260117.mp4?rlkey=slqj2jx0ljw86m88gc0wlqn7v&st=aau443e0&dl=0,未着手,2026年1月17日
190日目,https://www.dropbox.com/scl/fi/h80q1n8aiobfq9ygprlqv/260118.mp4?rlkey=sffn28em0d56nwcjre8m1hlnl&st=1o948zio&dl=0,未着手,2026年1月18日
191日目,https://www.dropbox.com/scl/fi/oqhl8211nqkn6nlim9inf/260119.mp4?rlkey=4r5niqizwhfck3a6ec3xh2bbo&st=76t668jy&dl=0,未着手,2026年1月19日
192日目,https://www.dropbox.com/scl/fi/54hka9f0wxccqb4ilnx64/260120.mp4?rlkey=rblmnaha2e8o2hm2rjzokn37n&st=d5x57yzz&dl=0,未着手,2026年1月20日
193日目,https://www.dropbox.com/scl/fi/0mlnju32h6lmmz78a6163/260121.mp4?rlkey=8svtwjgl222d33znoyzuynht0&st=r4p7oa8z&dl=0,未着手,2026年1月21日
194日目,https://www.dropbox.com/scl/fi/t1pajqlhlddkzdln2c09k/260122.mp4?rlkey=9odnp640l6hxs3o040jc5gm4n&st=1bewflk1&dl=0,未着手,2026年1月22日
195日目,https://www.dropbox.com/scl/fi/koum8ryjtvsncc0jxa77c/260123.mp4?rlkey=l4grqmgcy1mkpw1r9xkn9wh5j&st=gu9gspuw&dl=0,未着手,2026年1月23日
196日目,https://www.dropbox.com/scl/fi/ck06f3qmx6kvj0699lbwi/260124.mp4?rlkey=cjdiw5zb80gn7ij09g6xi19lw&st=zflilu5w&dl=0,未着手,2026年1月24日
197日目,https://www.dropbox.com/scl/fi/2xef3yxqpm7c2mjeg7kys/260125.mp4?rlkey=rboy56cd8jkjkw0scb7zp02fl&st=71owe3ez&dl=0,未着手,2026年1月25日
198日目,https://www.dropbox.com/scl/fi/k8vco2wip4v8igm5ulzhj/260126.mp4?rlkey=b0lwa9eivds5gh7b1jmmb7grv&st=qcyuaq4e&dl=0,未着手,2026年1月26日
199日目,https://www.dropbox.com/scl/fi/f8pwt047ldw8rem9u07xy/260127.mp4?rlkey=husua5b233zkwjelzrxvfj749&st=t5m6acz7&dl=0,未着手,2026年1月27日